"Variable";"Season";"PeakID";"Metric";"n";"slope_per_year";"slope_low_per_year";"slope_high_per_year";"slope_per_decade";"slope_low_per_decade";"slope_high_per_decade";"p_value";"pearson_r"
"Air Temperature [K]";"Pre-Monsoon";"Overall";"N Extremes HIGH";434;0,0202926365945371;-0,00180466607232445;0,042389939263267;0,202926365945371;-0,0180466607232445;0,42389939263267;0,0726016941832254;NA
"Air Temperature [K]";"Post-Monsoon";"Overall";"N Extremes HIGH";470;0,0413312309393937;0,0258290110824142;0,0568334507974967;0,413312309393937;0,258290110824142;0,568334507974967;2,62611778190744e-07;NA
"Snow Cover [%]";"Pre-Monsoon";"Overall";"N Extremes HIGH";0;NA;NA;NA;NA;NA;NA;NA;NA
"Snow Cover [%]";"Post-Monsoon";"Overall";"N Extremes HIGH";92;-0,0371904432086484;-0,102047369200681;0,027666482881104;-0,371904432086484;-1,02047369200681;0,27666482881104;0,264292854974425;NA
"Windspeed [m/s]";"Pre-Monsoon";"Overall";"N Extremes HIGH";496;0,0451354838576973;0,0276274615168623;0,0626435061996723;0,451354838576973;0,276274615168623;0,626435061996723;6,15359770975256e-07;NA
"Windspeed [m/s]";"Post-Monsoon";"Overall";"N Extremes HIGH";492;0,0244833637508063;0,00677192203133803;0,0421948054714476;0,244833637508063;0,0677192203133803;0,421948054714476;0,00698229748036073;NA
"Air Temperature [K]";"Pre-Monsoon";"Overall";"N Extremes LOW";454;-0,00903131173699584;-0,0273556717570608;0,00929304828448695;-0,0903131173699584;-0,273556717570608;0,0929304828448695;0,334612220346156;NA
"Air Temperature [K]";"Post-Monsoon";"Overall";"N Extremes LOW";402;-0,0682163139266424;-0,0938636924505231;-0,0425689354002491;-0,682163139266424;-0,938636924505231;-0,425689354002491;2,99208698538647e-07;NA
"Snow Cover [%]";"Pre-Monsoon";"Overall";"N Extremes LOW";199;-0,00534740919976291;-0,0512417739059293;0,0410994904230057;-0,0534740919976291;-0,512417739059293;0,410994904230057;0,820109413280161;NA
"Snow Cover [%]";"Post-Monsoon";"Overall";"N Extremes LOW";296;0,0479502606256587;0,0187192456825958;0,0776775967543116;0,479502606256587;0,187192456825958;0,776775967543116;0,00154177037241812;NA
"Windspeed [m/s]";"Pre-Monsoon";"Overall";"N Extremes LOW";524;-0,0317606566895289;-0,0485318540383197;-0,014989459339756;-0,317606566895289;-0,485318540383197;-0,14989459339756;0,000228241734663887;NA
"Windspeed [m/s]";"Post-Monsoon";"Overall";"N Extremes LOW";532;-0,0239973257202002;-0,0376868773549299;-0,0103077740846939;-0,239973257202002;-0,376868773549299;-0,103077740846939;0,000637866239138541;NA
"Air Temperature [K]";"Pre-Monsoon";"Overall";"Run Length HIGH";434;0,0275192415792911;0,0133404034130325;0,0416980797467464;0,275192415792911;0,133404034130325;0,416980797467464;0,000163109571407855;NA
"Air Temperature [K]";"Post-Monsoon";"Overall";"Run Length HIGH";470;0,0266806460025552;0,0146791042523882;0,0386821877535917;0,266806460025552;0,146791042523882;0,386821877535917;1,62304940190356e-05;NA
"Snow Cover [%]";"Pre-Monsoon";"Overall";"Run Length HIGH";0;NA;NA;NA;NA;NA;NA;NA;NA
"Snow Cover [%]";"Post-Monsoon";"Overall";"Run Length HIGH";92;0,00582141973238984;-0,0319846651109327;0,0436275046326755;0,0582141973238984;-0,319846651109327;0,436275046326755;0,763620609525714;NA
"Windspeed [m/s]";"Pre-Monsoon";"Overall";"Run Length HIGH";496;0,00328177341862106;0,000531753840897645;0,00602154903279062;0,0328177341862106;0,00531753840897644;0,0602154903279062;0,0193913178565051;NA
"Windspeed [m/s]";"Post-Monsoon";"Overall";"Run Length HIGH";492;0,00162297101825369;-0,00206138389770118;0,00534736101408971;0,0162297101825369;-0,0206138389770118;0,0534736101408971;0,390127347214961;NA
"Air Temperature [K]";"Pre-Monsoon";"Overall";"Run Length LOW";454;-0,00419165574736738;-0,0116556343919276;0,00327232289776998;-0,0419165574736738;-0,116556343919276;0,0327232289776998;0,271662611848092;NA
"Air Temperature [K]";"Post-Monsoon";"Overall";"Run Length LOW";402;-0,0164385666019072;-0,027412625082321;-0,00550587347165631;-0,164385666019072;-0,27412625082321;-0,0550587347165631;0,00343130601097321;NA
"Snow Cover [%]";"Pre-Monsoon";"Overall";"Run Length LOW";199;-0,0244314823590464;-0,0441171475799737;-0,00451947441286315;-0,244314823590464;-0,441171475799737;-0,0451947441286315;0,0161963219464425;NA
"Snow Cover [%]";"Post-Monsoon";"Overall";"Run Length LOW";296;0,000583462889734297;-0,010552443415964;0,0118860893102783;0,00583462889734297;-0,10552443415964;0,118860893102783;0,918679453054344;NA
"Windspeed [m/s]";"Pre-Monsoon";"Overall";"Run Length LOW";524;-0,00205243318143895;-0,00426507500609799;0,000161042855852934;-0,0205243318143895;-0,0426507500609798;0,00161042855852934;0,0694392070638354;NA
"Windspeed [m/s]";"Post-Monsoon";"Overall";"Run Length LOW";532;-0,00129826836854507;-0,00341363593280471;0,00083321065117866;-0,0129826836854507;-0,0341363593280471;0,0083321065117866;0,23080326911115;NA
"Air Temperature [K]";"Pre-Monsoon";"Annapurna I";"N Extremes HIGH";54;0,0445164487477604;-0,0124923180124311;0,101525215507952;0,445164487477604;-0,124923180124311;1,01525215507952;0,123196742786556;0,212339034178684
"Air Temperature [K]";"Pre-Monsoon";"Annapurna I";"N Extremes LOW";56;-0,0175939172278607;-0,0761871938998235;0,040999359444102;-0,175939172278607;-0,761871938998235;0,40999359444102;0,549687603798692;-0,081649516649824
"Air Temperature [K]";"Pre-Monsoon";"Annapurna I";"Run Length HIGH";54;0,0351277229274408;-0,00221746270776137;0,072472908562643;0,351277229274408;-0,0221746270776137;0,72472908562643;0,0646802179003573;0,253218164035219
"Air Temperature [K]";"Pre-Monsoon";"Annapurna I";"Run Length LOW";56;-0,00790309414826109;-0,039535049449474;0,0237288611529518;-0,0790309414826109;-0,39535049449474;0,237288611529518;0,618470489815769;-0,0680073467131437
"Air Temperature [K]";"Pre-Monsoon";"Cho Oyu";"N Extremes HIGH";56;0,0126459152447387;-0,0509235069047525;0,0762153373942298;0,126459152447387;-0,509235069047525;0,762153373942298;0,691589650464186;0,0541944289880466
"Air Temperature [K]";"Pre-Monsoon";"Cho Oyu";"N Extremes LOW";58;-0,0051733042328886;-0,0542609108009747;0,0439143023351975;-0,051733042328886;-0,542609108009747;0,439143023351975;0,83356006699039;-0,028200871157075
"Air Temperature [K]";"Pre-Monsoon";"Cho Oyu";"Run Length HIGH";56;0,0203243422900941;-0,0180098850976128;0,058658569677801;0,203243422900941;-0,180098850976128;0,58658569677801;0,292529444394413;0,143160911050144
"Air Temperature [K]";"Pre-Monsoon";"Cho Oyu";"Run Length LOW";58;-0,00779287914464915;-0,0226560550581332;0,00707029676883489;-0,0779287914464915;-0,226560550581332;0,0707029676883489;0,2980850001479;-0,138991866600781
"Air Temperature [K]";"Pre-Monsoon";"Dhaulagiri I";"N Extremes HIGH";54;0,0546566931822828;-0,00340864505421641;0,112722031418782;0,546566931822828;-0,0340864505421641;1,12722031418782;0,0644949902797103;0,253387925806511
"Air Temperature [K]";"Pre-Monsoon";"Dhaulagiri I";"N Extremes LOW";55;0,000435220022643265;-0,0553323259940857;0,0562027660393723;0,00435220022643265;-0,553323259940858;0,562027660393723;0,987569837073723;0,00215012806516265
"Air Temperature [K]";"Pre-Monsoon";"Dhaulagiri I";"Run Length HIGH";54;0,0427112785294054;0,0101180177771848;0,075304539281626;0,427112785294054;0,101180177771848;0,75304539281626;0,0112174390541847;0,342589444351294
"Air Temperature [K]";"Pre-Monsoon";"Dhaulagiri I";"Run Length LOW";55;0,00709508506238672;-0,0163088544841969;0,0304990246089704;0,0709508506238672;-0,163088544841969;0,304990246089704;0,545746394206933;0,0832332886324671
"Air Temperature [K]";"Pre-Monsoon";"Everest";"N Extremes HIGH";54;0,00100873945038981;-0,071945360390101;0,0739628392908806;0,0100873945038981;-0,71945360390101;0,739628392908806;0,977970954233234;0,00384764817725452
"Air Temperature [K]";"Pre-Monsoon";"Everest";"N Extremes LOW";56;0,00194486496387658;-0,0518328194298103;0,0557225493575635;0,0194486496387658;-0,518328194298103;0,557225493575635;0,942466908035847;0,00986637378894479
"Air Temperature [K]";"Pre-Monsoon";"Everest";"Run Length HIGH";54;0,0288452151928191;-0,0173591759835519;0,0750496063691901;0,288452151928191;-0,173591759835519;0,750496063691901;0,215904286130016;0,17116037723873
"Air Temperature [K]";"Pre-Monsoon";"Everest";"Run Length LOW";56;-0,00647552038157442;-0,0218345730301917;0,0088835322670429;-0,0647552038157442;-0,218345730301917;0,088835322670429;0,401686638530565;-0,114273963797733
"Air Temperature [K]";"Pre-Monsoon";"Kangchenjunga Central";"N Extremes HIGH";56;-0,0183549786358751;-0,0820012727500915;0,0452913154783413;-0,183549786358751;-0,820012727500915;0,452913154783413;0,565540837630442;-0,0784389819108904
"Air Temperature [K]";"Pre-Monsoon";"Kangchenjunga Central";"N Extremes LOW";60;-0,0151541520829702;-0,0741776982960115;0,043869394130071;-0,151541520829702;-0,741776982960115;0,43869394130071;0,60924923830512;-0,0673299808389172
"Air Temperature [K]";"Pre-Monsoon";"Kangchenjunga Central";"Run Length HIGH";56;0,00589451929908892;-0,0393315252357303;0,0511205638339081;0,0589451929908892;-0,393315252357303;0,511205638339081;0,794851230247208;0,0355366707480509
"Air Temperature [K]";"Pre-Monsoon";"Kangchenjunga Central";"Run Length LOW";60;0,00473603958027613;-0,0137661569673048;0,0232382361278571;0,0473603958027613;-0,137661569673048;0,232382361278571;0,610328675426776;0,0671274456789366
"Air Temperature [K]";"Pre-Monsoon";"Lhotse";"N Extremes HIGH";54;0,00100873945038981;-0,071945360390101;0,0739628392908806;0,0100873945038981;-0,71945360390101;0,739628392908806;0,977970954233234;0,00384764817725452
"Air Temperature [K]";"Pre-Monsoon";"Lhotse";"N Extremes LOW";56;0,00194486496387658;-0,0518328194298103;0,0557225493575635;0,0194486496387658;-0,518328194298103;0,557225493575635;0,942466908035847;0,00986637378894479
"Air Temperature [K]";"Pre-Monsoon";"Lhotse";"Run Length HIGH";54;0,0288452151928191;-0,0173591759835519;0,0750496063691901;0,288452151928191;-0,173591759835519;0,750496063691901;0,215904286130016;0,17116037723873
"Air Temperature [K]";"Pre-Monsoon";"Lhotse";"Run Length LOW";56;-0,00647552038157442;-0,0218345730301917;0,0088835322670429;-0,0647552038157442;-0,218345730301917;0,088835322670429;0,401686638530565;-0,114273963797733
"Air Temperature [K]";"Pre-Monsoon";"Makalu";"N Extremes HIGH";53;0,00861384559250922;-0,061709925720931;0,0789376169059495;0,0861384559250922;-0,61709925720931;0,789376169059495;0,806742202628072;0,0344132907126206
"Air Temperature [K]";"Pre-Monsoon";"Makalu";"N Extremes LOW";57;-0,0125531975664798;-0,0592624046272356;0,0341560094942759;-0,125531975664798;-0,592624046272356;0,341560094942759;0,592342217195147;-0,0724328677761585
"Air Temperature [K]";"Pre-Monsoon";"Makalu";"Run Length HIGH";53;0,0199211222568353;-0,0297634075796829;0,0696056520933536;0,199211222568353;-0,297634075796829;0,696056520933536;0,424588143713484;0,112005617360411
"Air Temperature [K]";"Pre-Monsoon";"Makalu";"Run Length LOW";57;-0,0116099225957558;-0,0292527997231264;0,00603295453161476;-0,116099225957558;-0,292527997231264;0,0603295453161476;0,192712701317249;-0,175075735926979
"Air Temperature [K]";"Pre-Monsoon";"Manaslu";"N Extremes HIGH";53;0,0500135655197322;-0,011713868459868;0,111740999499332;0,500135655197322;-0,11713868459868;1,11740999499332;0,109983906285442;0,22208292634009
"Air Temperature [K]";"Pre-Monsoon";"Manaslu";"N Extremes LOW";56;-0,0243352630770028;-0,0774332567405282;0,0287627305865226;-0,243352630770028;-0,774332567405282;0,287627305865226;0,362258561050473;-0,124073904401389
"Air Temperature [K]";"Pre-Monsoon";"Manaslu";"Run Length HIGH";53;0,0392029119496964;0,00330472550774709;0,0751010983916457;0,392029119496964;0,0330472550774709;0,751010983916457;0,0329393329528553;0,293478755692475
"Air Temperature [K]";"Pre-Monsoon";"Manaslu";"Run Length LOW";56;-0,00528174388925469;-0,036668986221779;0,0261054984432696;-0,0528174388925469;-0,36668986221779;0,261054984432696;0,737142419606033;-0,0458625612147168
"Air Temperature [K]";"Post-Monsoon";"Annapurna I";"N Extremes HIGH";61;0,086794865156591;0,0429151873233089;0,130674542989873;0,86794865156591;0,429151873233089;1,30674542989873;0,000205655796232503;0,458053011628615
"Air Temperature [K]";"Post-Monsoon";"Annapurna I";"N Extremes LOW";46;-0,0587903990624856;-0,15215183087063;0,0345710327456586;-0,587903990624856;-1,5215183087063;0,345710327456586;0,211080563019961;-0,187914504293693
"Air Temperature [K]";"Post-Monsoon";"Annapurna I";"Run Length HIGH";61;0,0456010100808944;0,0113167500390081;0,0798852701227806;0,456010100808943;0,113167500390081;0,798852701227806;0,0100069626469849;0,327400285918009
"Air Temperature [K]";"Post-Monsoon";"Annapurna I";"Run Length LOW";46;-0,00206217853440094;-0,0368124859052983;0,0326881288364964;-0,0206217853440094;-0,368124859052983;0,326881288364964;0,905346462482354;-0,0180270623688489
"Air Temperature [K]";"Post-Monsoon";"Cho Oyu";"N Extremes HIGH";58;0,0535600179601793;0,00649458768785603;0,100625448232503;0,535600179601793;0,0649458768785603;1,00625448232503;0,0264576470900602;0,291411803701166
"Air Temperature [K]";"Post-Monsoon";"Cho Oyu";"N Extremes LOW";54;-0,0685084101914756;-0,129546339692211;-0,00747048069074022;-0,685084101914756;-1,29546339692211;-0,0747048069074022;0,0285553379002998;-0,298126944899966
"Air Temperature [K]";"Post-Monsoon";"Cho Oyu";"Run Length HIGH";58;0,0508851835576417;0,00447508092135732;0,097295286193926;0,508851835576417;0,0447508092135732;0,97295286193926;0,0322199234226415;0,281626688383823
"Air Temperature [K]";"Post-Monsoon";"Cho Oyu";"Run Length LOW";54;-0,020781528949425;-0,0455892909028037;0,00402623300395378;-0,20781528949425;-0,455892909028037;0,0402623300395378;0,0987659352239968;-0,227022482357458
"Air Temperature [K]";"Post-Monsoon";"Dhaulagiri I";"N Extremes HIGH";59;0,0530046540871913;0,00771729728459412;0,0982920108897884;0,530046540871912;0,0771729728459412;0,982920108897884;0,0226040599600401;0,296474003513529
"Air Temperature [K]";"Post-Monsoon";"Dhaulagiri I";"N Extremes LOW";48;-0,075925551929763;-0,165748635800773;0,0138975319412474;-0,75925551929763;-1,65748635800773;0,138975319412474;0,0956080012894512;-0,2433263833387
"Air Temperature [K]";"Post-Monsoon";"Dhaulagiri I";"Run Length HIGH";59;0,0284578182058413;-0,000452324890102808;0,0573679613017854;0,284578182058413;-0,00452324890102808;0,573679613017854;0,0535704668272536;0,252615448144413
"Air Temperature [K]";"Post-Monsoon";"Dhaulagiri I";"Run Length LOW";48;-0,0109325209124311;-0,0440901397993036;0,0222250979744413;-0,109325209124311;-0,440901397993036;0,222250979744413;0,510208403045446;-0,0973890047841088
"Air Temperature [K]";"Post-Monsoon";"Everest";"N Extremes HIGH";59;0,00736814750717014;-0,0357142514281926;0,0504505464425329;0,0736814750717014;-0,357142514281926;0,504505464425329;0,733256340971887;0,0453147600869219
"Air Temperature [K]";"Post-Monsoon";"Everest";"N Extremes LOW";51;-0,0589113120612711;-0,12889396327423;0,0110713391516882;-0,589113120612711;-1,2889396327423;0,110713391516882;0,0970624490869044;-0,23490332898078
"Air Temperature [K]";"Post-Monsoon";"Everest";"Run Length HIGH";59;0,0125397738919996;-0,0239069013125205;0,0489864490965197;0,125397738919996;-0,239069013125205;0,489864490965197;0,493640623928586;0,0908779604825593
"Air Temperature [K]";"Post-Monsoon";"Everest";"Run Length LOW";51;-0,00988333501394657;-0,0357084038259448;0,0159417337980516;-0,0988333501394657;-0,357084038259448;0,159417337980516;0,445542669316638;-0,10921010124564
"Air Temperature [K]";"Post-Monsoon";"Kangchenjunga Central";"N Extremes HIGH";55;0,023585651819935;-0,0254017251486959;0,0725730287885659;0,23585651819935;-0,254017251486959;0,725730287885659;0,338583152772336;0,131496469254013
"Air Temperature [K]";"Post-Monsoon";"Kangchenjunga Central";"N Extremes LOW";51;-0,0435093221504432;-0,111062405326134;0,0240437610252481;-0,435093221504432;-1,11062405326134;0,240437610252481;0,201622029833844;-0,181820735251904
"Air Temperature [K]";"Post-Monsoon";"Kangchenjunga Central";"Run Length HIGH";55;0,011048457591444;-0,0200998882795776;0,0421968034624657;0,11048457591444;-0,200998882795776;0,421968034624657;0,479926964154197;0,097261445282502
"Air Temperature [K]";"Post-Monsoon";"Kangchenjunga Central";"Run Length LOW";51;-0,0212402862638704;-0,0631882318168944;0,0207076592891535;-0,212402862638704;-0,631882318168944;0,207076592891535;0,313891923420661;-0,143851785042232
"Air Temperature [K]";"Post-Monsoon";"Lhotse";"N Extremes HIGH";59;0,00736814750717014;-0,0357142514281926;0,0504505464425329;0,0736814750717014;-0,357142514281926;0,504505464425329;0,733256340971887;0,0453147600869219
"Air Temperature [K]";"Post-Monsoon";"Lhotse";"N Extremes LOW";51;-0,0589113120612711;-0,12889396327423;0,0110713391516882;-0,589113120612711;-1,2889396327423;0,110713391516882;0,0970624490869044;-0,23490332898078
"Air Temperature [K]";"Post-Monsoon";"Lhotse";"Run Length HIGH";59;0,0125397738919996;-0,0239069013125205;0,0489864490965197;0,125397738919996;-0,239069013125205;0,489864490965197;0,493640623928586;0,0908779604825593
"Air Temperature [K]";"Post-Monsoon";"Lhotse";"Run Length LOW";51;-0,00988333501394657;-0,0357084038259448;0,0159417337980516;-0,0988333501394657;-0,357084038259448;0,159417337980516;0,445542669316638;-0,10921010124564
"Air Temperature [K]";"Post-Monsoon";"Makalu";"N Extremes HIGH";60;0,0501488017542944;0,00650979773630276;0,093787805772286;0,501488017542944;0,0650979773630276;0,93787805772286;0,0250460523495853;0,289145137316377
"Air Temperature [K]";"Post-Monsoon";"Makalu";"N Extremes LOW";49;-0,0795677913188257;-0,154473443812373;-0,00466213882527845;-0,795677913188257;-1,54473443812373;-0,0466213882527845;0,0378364670894799;-0,297584690840485
"Air Temperature [K]";"Post-Monsoon";"Makalu";"Run Length HIGH";60;0,0215225204058547;-0,0114461581885526;0,054491199000262;0,215225204058547;-0,114461581885526;0,54491199000262;0,196453465978276;0,169113985903117
"Air Temperature [K]";"Post-Monsoon";"Makalu";"Run Length LOW";49;-0,0157865049449236;-0,0475722566825204;0,0159992467926731;-0,157865049449236;-0,475722566825204;0,159992467926731;0,322844289536569;-0,144215733308511
"Air Temperature [K]";"Post-Monsoon";"Manaslu";"N Extremes HIGH";59;0,0504270729105232;0,00575227523281527;0,0951018705882311;0,504270729105232;0,0575227523281527;0,951018705882311;0,0276397402606733;0,286806556229893
"Air Temperature [K]";"Post-Monsoon";"Manaslu";"N Extremes LOW";52;-0,105111263235031;-0,186777217944541;-0,0234453085255219;-1,05111263235031;-1,86777217944541;-0,234453085255219;0,0126958590623376;-0,343372554005189
"Air Temperature [K]";"Post-Monsoon";"Manaslu";"Run Length HIGH";59;0,0309785789858481;0,00215585386067781;0,0598013041110185;0,309785789858481;0,0215585386067781;0,598013041110185;0,0356261535900222;0,274149724357296
"Air Temperature [K]";"Post-Monsoon";"Manaslu";"Run Length LOW";52;-0,0376707917715028;-0,0722349017709851;-0,00310668177202048;-0,376707917715028;-0,722349017709851;-0,0310668177202048;0,0332863506218056;-0,295736495748959
"Snow Cover [%]";"Pre-Monsoon";"Annapurna I";"N Extremes LOW";50;-0,0133123998299155;-0,0777566225116539;0,0511318228518228;-0,133123998299155;-0,777566225116539;0,511318228518228;0,679742611386122;-0,0598419748193627
"Snow Cover [%]";"Pre-Monsoon";"Annapurna I";"Run Length HIGH";0;NA;NA;NA;NA;NA;NA;NA;NA
"Snow Cover [%]";"Pre-Monsoon";"Annapurna I";"Run Length LOW";50;0,00240578560603576;-0,0252684975762045;0,030080068788276;0,0240578560603576;-0,252684975762045;0,30080068788276;0,861980743433172;0,025220572594756
"Snow Cover [%]";"Pre-Monsoon";"Cho Oyu";"Run Length HIGH";0;NA;NA;NA;NA;NA;NA;NA;NA
"Snow Cover [%]";"Pre-Monsoon";"Cho Oyu";"Run Length LOW";0;NA;NA;NA;NA;NA;NA;NA;NA
"Snow Cover [%]";"Pre-Monsoon";"Dhaulagiri I";"N Extremes LOW";26;0,189343603357699;-0,00555936098362042;0,384246567699018;1,89343603357699;-0,0555936098362042;3,84246567699018;0,0563643197321613;0,378778568170687
"Snow Cover [%]";"Pre-Monsoon";"Dhaulagiri I";"Run Length HIGH";0;NA;NA;NA;NA;NA;NA;NA;NA
"Snow Cover [%]";"Pre-Monsoon";"Dhaulagiri I";"Run Length LOW";26;0,00550136254094081;-0,0524354234587148;0,0634381485405965;0,0550136254094081;-0,524354234587148;0,634381485405965;0,846278376350792;0,0399715854401873
"Snow Cover [%]";"Pre-Monsoon";"Everest";"N Extremes LOW";45;-0,0630271032140281;-0,149831698313848;0,0237774918857916;-0,630271032140281;-1,49831698313848;0,237774918857916;0,150390485194584;-0,217933336517659
"Snow Cover [%]";"Pre-Monsoon";"Everest";"Run Length HIGH";0;NA;NA;NA;NA;NA;NA;NA;NA
"Snow Cover [%]";"Pre-Monsoon";"Everest";"Run Length LOW";45;-0,0335008923276293;-0,0724104744435029;0,0054086897882442;-0,335008923276293;-0,724104744435029;0,054086897882442;0,0896611218560497;-0,255970543711269
"Snow Cover [%]";"Pre-Monsoon";"Kangchenjunga Central";"Run Length HIGH";0;NA;NA;NA;NA;NA;NA;NA;NA
"Snow Cover [%]";"Pre-Monsoon";"Kangchenjunga Central";"Run Length LOW";0;NA;NA;NA;NA;NA;NA;NA;NA
"Snow Cover [%]";"Pre-Monsoon";"Lhotse";"N Extremes LOW";45;-0,0630271032140281;-0,149831698313848;0,0237774918857916;-0,630271032140281;-1,49831698313848;0,237774918857916;0,150390485194584;-0,217933336517659
"Snow Cover [%]";"Pre-Monsoon";"Lhotse";"Run Length HIGH";0;NA;NA;NA;NA;NA;NA;NA;NA
"Snow Cover [%]";"Pre-Monsoon";"Lhotse";"Run Length LOW";45;-0,0335008923276293;-0,0724104744435029;0,0054086897882442;-0,335008923276293;-0,724104744435029;0,054086897882442;0,0896611218560497;-0,255970543711269
"Snow Cover [%]";"Pre-Monsoon";"Makalu";"Run Length HIGH";0;NA;NA;NA;NA;NA;NA;NA;NA
"Snow Cover [%]";"Pre-Monsoon";"Makalu";"Run Length LOW";0;NA;NA;NA;NA;NA;NA;NA;NA
"Snow Cover [%]";"Pre-Monsoon";"Manaslu";"N Extremes LOW";33;0,0198752680597139;-0,122038189510988;0,161788725630416;0,198752680597139;-1,22038189510988;1,61788725630416;0,777055363286624;0,0512347214291536
"Snow Cover [%]";"Pre-Monsoon";"Manaslu";"Run Length HIGH";0;NA;NA;NA;NA;NA;NA;NA;NA
"Snow Cover [%]";"Pre-Monsoon";"Manaslu";"Run Length LOW";33;-0,0686214737845375;-0,146543778432079;0,0093008308630035;-0,686214737845375;-1,46543778432079;0,093008308630035;0,0822350050330619;-0,307006411688536
"Snow Cover [%]";"Post-Monsoon";"Annapurna I";"N Extremes HIGH";44;-0,0242079267178655;-0,136110185939195;0,0876943325034642;-0,242079267178655;-1,36110185939195;0,876943325034642;0,664656822538352;-0,0672124386743465
"Snow Cover [%]";"Post-Monsoon";"Annapurna I";"N Extremes LOW";63;0,0670391286484226;0,0253819999639152;0,10869625733293;0,670391286484226;0,253819999639152;1,0869625733293;0,00206836798036128;0,380954668129391
"Snow Cover [%]";"Post-Monsoon";"Annapurna I";"Run Length HIGH";44;0,0511749060768139;-0,0207788018980486;0,123128614051676;0,511749060768139;-0,207788018980486;1,23128614051676;0,15860742399728;0,216231993487871
"Snow Cover [%]";"Post-Monsoon";"Annapurna I";"Run Length LOW";63;0,00894727796620181;-0,0132686438551255;0,0311631997875291;0,0894727796620181;-0,132686438551255;0,311631997875291;0,423756331822902;0,102568351625017
"Snow Cover [%]";"Post-Monsoon";"Cho Oyu";"Run Length HIGH";0;NA;NA;NA;NA;NA;NA;NA;NA
"Snow Cover [%]";"Post-Monsoon";"Cho Oyu";"Run Length LOW";0;NA;NA;NA;NA;NA;NA;NA;NA
"Snow Cover [%]";"Post-Monsoon";"Dhaulagiri I";"N Extremes HIGH";48;-0,0462098468688458;-0,127833902278038;0,0354142085403464;-0,462098468688457;-1,27833902278038;0,354142085403464;0,260368534376079;-0,165696551733747
"Snow Cover [%]";"Post-Monsoon";"Dhaulagiri I";"N Extremes LOW";59;0,0510845698802285;-0,0199639529208743;0,122133092681331;0,510845698802285;-0,199639529208743;1,22133092681331;0,155396126225726;0,187329082488391
"Snow Cover [%]";"Post-Monsoon";"Dhaulagiri I";"Run Length HIGH";48;-0,027460270635716;-0,0652656319259967;0,0103450906545647;-0,27460270635716;-0,652656319259967;0,103450906545647;0,150516573099301;-0,21073177928168
"Snow Cover [%]";"Post-Monsoon";"Dhaulagiri I";"Run Length LOW";59;-0,0106876631453557;-0,0410498701068152;0,0196745438161039;-0,106876631453557;-0,410498701068152;0,196745438161039;0,483756053704875;-0,092959207551268
"Snow Cover [%]";"Post-Monsoon";"Everest";"N Extremes LOW";41;-0,0123764541240279;-0,114182036936384;0,0894291286883281;-0,123764541240279;-1,14182036936384;0,894291286883281;0,807051098409504;-0,0393446294019359
"Snow Cover [%]";"Post-Monsoon";"Everest";"Run Length HIGH";0;NA;NA;NA;NA;NA;NA;NA;NA
"Snow Cover [%]";"Post-Monsoon";"Everest";"Run Length LOW";41;-0,005541631353482;-0,0415548751882741;0,0304716124813101;-0,0554163135348201;-0,415548751882741;0,304716124813101;0,757270662487351;-0,0497775932519786
"Snow Cover [%]";"Post-Monsoon";"Kangchenjunga Central";"Run Length HIGH";0;NA;NA;NA;NA;NA;NA;NA;NA
"Snow Cover [%]";"Post-Monsoon";"Kangchenjunga Central";"Run Length LOW";0;NA;NA;NA;NA;NA;NA;NA;NA
"Snow Cover [%]";"Post-Monsoon";"Lhotse";"N Extremes LOW";41;-0,0123764541240279;-0,114182036936384;0,0894291286883281;-0,123764541240279;-1,14182036936384;0,894291286883281;0,807051098409504;-0,0393446294019359
"Snow Cover [%]";"Post-Monsoon";"Lhotse";"Run Length HIGH";0;NA;NA;NA;NA;NA;NA;NA;NA
"Snow Cover [%]";"Post-Monsoon";"Lhotse";"Run Length LOW";41;-0,005541631353482;-0,0415548751882741;0,0304716124813101;-0,0554163135348201;-0,415548751882741;0,304716124813101;0,757270662487351;-0,0497775932519786
"Snow Cover [%]";"Post-Monsoon";"Makalu";"N Extremes LOW";32;0,162240340480282;0,0494170332413883;0,275063647719177;1,62240340480282;0,494170332413883;2,75063647719177;0,00631457117392978;0,472542378353798
"Snow Cover [%]";"Post-Monsoon";"Makalu";"Run Length HIGH";0;NA;NA;NA;NA;NA;NA;NA;NA
"Snow Cover [%]";"Post-Monsoon";"Makalu";"Run Length LOW";32;0,0118520213954898;-0,031112192037221;0,0548162348282006;0,118520213954898;-0,31112192037221;0,548162348282006;0,577365148764525;0,102318298372262
"Snow Cover [%]";"Post-Monsoon";"Manaslu";"N Extremes LOW";60;0,0385976706675771;-0,00928975672531112;0,0864850980604653;0,385976706675771;-0,0928975672531112;0,864850980604653;0,11208564556161;0,207250259706909
"Snow Cover [%]";"Post-Monsoon";"Manaslu";"Run Length HIGH";0;NA;NA;NA;NA;NA;NA;NA;NA
"Snow Cover [%]";"Post-Monsoon";"Manaslu";"Run Length LOW";60;0,00210244881943445;-0,0100987560349891;0,014303653673858;0,0210244881943445;-0,100987560349891;0,14303653673858;0,731397976605094;0,0452445765335793
"Windspeed [m/s]";"Pre-Monsoon";"Annapurna I";"N Extremes HIGH";65;0,0194121885881194;-0,0140955367871935;0,0529199139634323;0,194121885881194;-0,140955367871935;0,529199139634323;0,251353522554073;0,144330313134515
"Windspeed [m/s]";"Pre-Monsoon";"Annapurna I";"N Extremes LOW";71;-0,00556673373574804;-0,0416202948818333;0,0304868274103372;-0,0556673373574804;-0,416202948818333;0,304868274103372;0,758992682819582;-0,0370561563510643
"Windspeed [m/s]";"Pre-Monsoon";"Annapurna I";"Run Length HIGH";65;0,000761737643520758;-0,00545293508666201;0,00697641037370353;0,00761737643520758;-0,0545293508666201;0,0697641037370353;0,807300300599262;0,0308446388159714
"Windspeed [m/s]";"Pre-Monsoon";"Annapurna I";"Run Length LOW";71;0,000140685382134136;-0,00407944557653452;0,00436081634080279;0,00140685382134136;-0,0407944557653452;0,0436081634080279;0,947168131311402;0,00800600025331639
"Windspeed [m/s]";"Pre-Monsoon";"Cho Oyu";"N Extremes HIGH";61;0,0367785316916958;-0,0197102585226199;0,0932673219060115;0,367785316916958;-0,197102585226199;0,932673219060115;0,197704694568723;0,167222049986679
"Windspeed [m/s]";"Pre-Monsoon";"Cho Oyu";"N Extremes LOW";58;-0,0329769649627771;-0,0900361475188746;0,0240822175933204;-0,329769649627771;-0,900361475188746;0,240822175933204;0,251876435939342;-0,152893102180347
"Windspeed [m/s]";"Pre-Monsoon";"Cho Oyu";"Run Length HIGH";61;-0,00223541086633267;-0,0101036406734968;0,00563281894083141;-0,0223541086633267;-0,101036406734968;0,0563281894083141;0,571856681030756;-0,073809824558646
"Windspeed [m/s]";"Pre-Monsoon";"Cho Oyu";"Run Length LOW";58;-0,00411885331788572;-0,0138600483962522;0,00562234176048074;-0,0411885331788572;-0,138600483962522;0,0562234176048074;0,400585552725515;-0,112470560227704
"Windspeed [m/s]";"Pre-Monsoon";"Dhaulagiri I";"N Extremes HIGH";65;0,0570299117297414;0,00816975776160603;0,105890065697877;0,570299117297414;0,0816975776160603;1,05890065697877;0,0228841005241192;0,281942757495996
"Windspeed [m/s]";"Pre-Monsoon";"Dhaulagiri I";"N Extremes LOW";68;-0,0301235665070955;-0,0780563463922169;0,0178092133780259;-0,301235665070955;-0,780563463922169;0,178092133780259;0,213994778775212;-0,15263917526308
"Windspeed [m/s]";"Pre-Monsoon";"Dhaulagiri I";"Run Length HIGH";65;0,00225252115305091;-0,00361087629727269;0,00811591860337451;0,0225252115305091;-0,0361087629727269;0,0811591860337451;0,445535919325792;0,0962712982817397
"Windspeed [m/s]";"Pre-Monsoon";"Dhaulagiri I";"Run Length LOW";68;-0,00443816686122512;-0,0092796789904772;0,000403345268026957;-0,0443816686122512;-0,092796789904772;0,00403345268026957;0,0717312169665522;-0,219777633336493
"Windspeed [m/s]";"Pre-Monsoon";"Everest";"N Extremes HIGH";58;0,0584336156015836;-0,00804265524562873;0,124909886448796;0,584336156015836;-0,0804265524562873;1,24909886448796;0,0837186882644254;0,229051410408854
"Windspeed [m/s]";"Pre-Monsoon";"Everest";"N Extremes LOW";63;-0,0540295021981397;-0,117943820402056;0,00988481600577671;-0,540295021981397;-1,17943820402056;0,0988481600577671;0,0960622427442547;-0,211531787798771
"Windspeed [m/s]";"Pre-Monsoon";"Everest";"Run Length HIGH";58;0,00304098706890682;-0,00482585562275217;0,0109078297605658;0,0304098706890682;-0,0482585562275217;0,109078297605658;0,441970584955232;0,102929625273492
"Windspeed [m/s]";"Pre-Monsoon";"Everest";"Run Length LOW";63;0,000540410712313274;-0,0065081417093882;0,00758896313401475;0,00540410712313273;-0,065081417093882;0,0758896313401475;0,878659358878373;0,0196256339580664
"Windspeed [m/s]";"Pre-Monsoon";"Kangchenjunga Central";"N Extremes HIGH";59;0,0859555442830322;0,0291388084754112;0,142772280090653;0,859555442830322;0,291388084754112;1,42772280090653;0,00367840691522922;0,372398058297669
"Windspeed [m/s]";"Pre-Monsoon";"Kangchenjunga Central";"N Extremes LOW";68;-0,0395311172583494;-0,0723259093271394;-0,00673632518955941;-0,395311172583494;-0,723259093271394;-0,0673632518955941;0,0189049803471788;-0,284039830956791
"Windspeed [m/s]";"Pre-Monsoon";"Kangchenjunga Central";"Run Length HIGH";59;0,00641167688303405;0,00019668515320531;0,0126266686128628;0,0641167688303405;0,0019668515320531;0,126266686128628;0,0434001418865137;0,263924906323048
"Windspeed [m/s]";"Pre-Monsoon";"Kangchenjunga Central";"Run Length LOW";68;0,00189425168060953;-0,00338564023766523;0,00717414359888429;0,0189425168060953;-0,0338564023766523;0,0717414359888429;0,476332055050538;0,0878299064218387
"Windspeed [m/s]";"Pre-Monsoon";"Lhotse";"N Extremes HIGH";58;0,0584336156015836;-0,00804265524562873;0,124909886448796;0,584336156015836;-0,0804265524562873;1,24909886448796;0,0837186882644254;0,229051410408854
"Windspeed [m/s]";"Pre-Monsoon";"Lhotse";"N Extremes LOW";63;-0,0540295021981397;-0,117943820402056;0,00988481600577671;-0,540295021981397;-1,17943820402056;0,0988481600577671;0,0960622427442547;-0,211531787798771
"Windspeed [m/s]";"Pre-Monsoon";"Lhotse";"Run Length HIGH";58;0,00304098706890682;-0,00482585562275217;0,0109078297605658;0,0304098706890682;-0,0482585562275217;0,109078297605658;0,441970584955232;0,102929625273492
"Windspeed [m/s]";"Pre-Monsoon";"Lhotse";"Run Length LOW";63;0,000540410712313274;-0,0065081417093882;0,00758896313401475;0,00540410712313273;-0,065081417093882;0,0758896313401475;0,878659358878373;0,0196256339580664
"Windspeed [m/s]";"Pre-Monsoon";"Makalu";"N Extremes HIGH";61;0,0591046199524779;0,0141970058001335;0,104012234104822;0,591046199524779;0,141970058001334;1,04012234104822;0,0107713197700785;0,324329887128515
"Windspeed [m/s]";"Pre-Monsoon";"Makalu";"N Extremes LOW";65;-0,0355023826063106;-0,0790670837078887;0,00806231849526746;-0,355023826063106;-0,790670837078887;0,0806231849526746;0,108406370003457;-0,200987041835951
"Windspeed [m/s]";"Pre-Monsoon";"Makalu";"Run Length HIGH";61;0,00984910719230696;-0,00438750800611308;0,024085722390727;0,0984910719230696;-0,0438750800611308;0,24085722390727;0,171474577356141;0,177365564087305
"Windspeed [m/s]";"Pre-Monsoon";"Makalu";"Run Length LOW";65;-0,00797342988909411;-0,0151763046342422;-0,000770555143946027;-0,0797342988909411;-0,151763046342422;-0,00770555143946027;0,0305920408924377;-0,268469397638658
"Windspeed [m/s]";"Pre-Monsoon";"Manaslu";"N Extremes HIGH";69;-0,00122628542815258;-0,034220120921592;0,0317675500652869;-0,0122628542815258;-0,34220120921592;0,317675500652869;0,941083547018701;-0,00906287270301798
"Windspeed [m/s]";"Pre-Monsoon";"Manaslu";"N Extremes LOW";68;-0,00640363249636255;-0,0464698355325629;0,0336625705398378;-0,0640363249636255;-0,464698355325629;0,336625705398378;0,75065582113126;-0,0392486576446084
"Windspeed [m/s]";"Pre-Monsoon";"Manaslu";"Run Length HIGH";69;0,00353582939190433;-0,00126787005704218;0,00833952884085085;0,0353582939190433;-0,0126787005704218;0,0833952884085085;0,146461383544355;0,176666819321103
"Windspeed [m/s]";"Pre-Monsoon";"Manaslu";"Run Length LOW";68;-0,00320997871906374;-0,00841049895787741;0,00199054151974994;-0,0320997871906374;-0,0841049895787741;0,0199054151974994;0,222185630408656;-0,149977666828886
"Windspeed [m/s]";"Post-Monsoon";"Annapurna I";"N Extremes HIGH";61;0,0256765355391695;-0,0226768558890337;0,0740299269673728;0,256765355391695;-0,226768558890337;0,740299269673728;0,292309139896335;0,137029293469363
"Windspeed [m/s]";"Post-Monsoon";"Annapurna I";"N Extremes LOW";68;0,00318490885887165;-0,0326708894345936;0,0390407071523368;0,0318490885887165;-0,326708894345936;0,390407071523368;0,859779916700208;0,0218245610602485
"Windspeed [m/s]";"Post-Monsoon";"Annapurna I";"Run Length HIGH";61;0,002894071665921;-0,00843636488253106;0,0142245082143731;0,02894071665921;-0,0843636488253106;0,142245082143731;0,611186076049825;0,0663931700943538
"Windspeed [m/s]";"Post-Monsoon";"Annapurna I";"Run Length LOW";68;-0,00166227705008923;-0,00768045484520146;0,00435590074502301;-0,0166227705008923;-0,0768045484520146;0,0435590074502301;0,583173994555614;-0,0677253827312067
"Windspeed [m/s]";"Post-Monsoon";"Cho Oyu";"N Extremes HIGH";63;0,00600815101839792;-0,0385225714323123;0,0505388734691082;0,0600815101839792;-0,385225714323123;0,505388734691081;0,788230746615253;0,0345227574811886
"Windspeed [m/s]";"Post-Monsoon";"Cho Oyu";"N Extremes LOW";66;-0,0401355564270893;-0,0913856685329454;0,0111145556787668;-0,401355564270893;-0,913856685329454;0,111145556787668;0,122635492565659;-0,191924978102772
"Windspeed [m/s]";"Post-Monsoon";"Cho Oyu";"Run Length HIGH";63;-0,00210488628822001;-0,0127993960600291;0,00858962348358907;-0,0210488628822001;-0,127993960600291;0,0858962348358907;0,695274826306939;-0,0503269257725298
"Windspeed [m/s]";"Post-Monsoon";"Cho Oyu";"Run Length LOW";66;4,37391565129564e-05;-0,0063611264021092;0,00644860471513512;0,000437391565129564;-0,063611264021092;0,0644860471513512;0,989157558506065;0,00170532234764356
"Windspeed [m/s]";"Post-Monsoon";"Dhaulagiri I";"N Extremes HIGH";58;0,0891210090658246;0,0398138220042371;0,138428196127412;0,891210090658246;0,398138220042371;1,38428196127412;0,000632878061249466;0,43554421096875
"Windspeed [m/s]";"Post-Monsoon";"Dhaulagiri I";"N Extremes LOW";66;-0,0180129189050908;-0,0521421206613127;0,0161162828511311;-0,180129189050908;-0,521421206613127;0,161162828511311;0,295676015697337;-0,13066676742811
"Windspeed [m/s]";"Post-Monsoon";"Dhaulagiri I";"Run Length HIGH";58;0,0122321076637195;-0,000426148423113675;0,0248903637505526;0,122321076637195;-0,00426148423113675;0,248903637505526;0,0579464771817818;0,25043863701345
"Windspeed [m/s]";"Post-Monsoon";"Dhaulagiri I";"Run Length LOW";66;0,00167277284410824;-0,00455972230371224;0,00790526799192872;0,0167277284410824;-0,0455972230371224;0,0790526799192872;0,593691973175249;0,0668726448691799
"Windspeed [m/s]";"Post-Monsoon";"Everest";"N Extremes HIGH";66;0,00274678495442942;-0,0387009675212811;0,0441945374301399;0,0274678495442942;-0,387009675212811;0,441945374301399;0,895089928348326;0,0165466828186022
"Windspeed [m/s]";"Post-Monsoon";"Everest";"N Extremes LOW";67;-0,0430868311032007;-0,0822317488629352;-0,00394191334346627;-0,430868311032007;-0,822317488629352;-0,0394191334346627;0,0314979826958738;-0,263056496723347
"Windspeed [m/s]";"Post-Monsoon";"Everest";"Run Length HIGH";66;0,00020186252610356;-0,00821780696620267;0,00862153201840979;0,0020186252610356;-0,0821780696620267;0,0862153201840979;0,961948443040416;0,00598686693902704
"Windspeed [m/s]";"Post-Monsoon";"Everest";"Run Length LOW";67;-0,00610564181623478;-0,0123604308980087;0,000149147265539166;-0,0610564181623478;-0,123604308980087;0,00149147265539166;0,0555506383180257;-0,235033929455971
"Windspeed [m/s]";"Post-Monsoon";"Kangchenjunga Central";"N Extremes HIGH";59;0,0802317433269258;0,0286076045762351;0,131855882077617;0,802317433269258;0,286076045762351;1,31855882077617;0,00290185164896415;0,381103653277351
"Windspeed [m/s]";"Post-Monsoon";"Kangchenjunga Central";"N Extremes LOW";63;-0,0958694127399099;-0,133021443788665;-0,0587173816911546;-0,958694127399099;-1,33021443788665;-0,587173816911546;2,84414293334425e-06;-0,551228232476419
"Windspeed [m/s]";"Post-Monsoon";"Kangchenjunga Central";"Run Length HIGH";59;0,00519945440138272;-0,00473216966337479;0,0151310784661402;0,0519945440138272;-0,0473216966337479;0,151310784661402;0,298906480029564;0,137536553383462
"Windspeed [m/s]";"Post-Monsoon";"Kangchenjunga Central";"Run Length LOW";63;-0,00558990474975943;-0,0126482326689527;0,0014684231694338;-0,0558990474975943;-0,126482326689527;0,014684231694338;0,118451632058805;-0,198717959914495
"Windspeed [m/s]";"Post-Monsoon";"Lhotse";"N Extremes HIGH";66;0,00274678495442942;-0,0387009675212811;0,0441945374301399;0,0274678495442942;-0,387009675212811;0,441945374301399;0,895089928348326;0,0165466828186022
"Windspeed [m/s]";"Post-Monsoon";"Lhotse";"N Extremes LOW";67;-0,0430868311032007;-0,0822317488629352;-0,00394191334346627;-0,430868311032007;-0,822317488629352;-0,0394191334346627;0,0314979826958738;-0,263056496723347
"Windspeed [m/s]";"Post-Monsoon";"Lhotse";"Run Length HIGH";66;0,00020186252610356;-0,00821780696620267;0,00862153201840979;0,0020186252610356;-0,0821780696620267;0,0862153201840979;0,961948443040416;0,00598686693902704
"Windspeed [m/s]";"Post-Monsoon";"Lhotse";"Run Length LOW";67;-0,00610564181623478;-0,0123604308980087;0,000149147265539166;-0,0610564181623478;-0,123604308980087;0,00149147265539166;0,0555506383180257;-0,235033929455971
"Windspeed [m/s]";"Post-Monsoon";"Makalu";"N Extremes HIGH";52;-0,0235970910669707;-0,104924739504934;0,0577305573709924;-0,235970910669707;-1,04924739504934;0,577305573709924;0,56266042221941;-0,0821390828209008
"Windspeed [m/s]";"Post-Monsoon";"Makalu";"N Extremes LOW";67;0,0151501505755871;-0,0196168765429434;0,0499171776941176;0,151501505755871;-0,196168765429434;0,499171776941176;0,387351782680039;0,107321118812458
"Windspeed [m/s]";"Post-Monsoon";"Makalu";"Run Length HIGH";52;-0,00672223858970845;-0,0241251510682838;0,010680673888867;-0,0672223858970845;-0,241251510682838;0,10680673888867;0,441493232924795;-0,109066912826646
"Windspeed [m/s]";"Post-Monsoon";"Makalu";"Run Length LOW";67;0,00340363085311517;-0,00189362977900881;0,00870089148523915;0,0340363085311517;-0,0189362977900881;0,0870089148523915;0,203973421701309;0,157184616617398
"Windspeed [m/s]";"Post-Monsoon";"Manaslu";"N Extremes HIGH";67;0,00426652377551883;-0,0469943296669695;0,0555273772180071;0,0426652377551883;-0,469943296669695;0,555273772180071;0,868495849702309;0,0206132954178323
"Windspeed [m/s]";"Post-Monsoon";"Manaslu";"N Extremes LOW";68;0,0199874000329041;-0,0183926094628126;0,0583674095286209;0,199874000329041;-0,183926094628126;0,583674095286209;0,302243943088111;0,126950507133614
"Windspeed [m/s]";"Post-Monsoon";"Manaslu";"Run Length HIGH";67;-0,00057722843258127;-0,00733983952016577;0,00618538265500323;-0,0057722843258127;-0,0733983952016577;0,0618538265500323;0,865172067801116;-0,0211391549816263
"Windspeed [m/s]";"Post-Monsoon";"Manaslu";"Run Length LOW";68;0,00276918623970465;-0,00246526012131306;0,00800363260072237;0,0276918623970465;-0,0246526012131306;0,0800363260072237;0,294707244850314;0,128929656468966
