"Variable","Season","PeakID","Metric","n","slope_per_year","slope_low_per_year","slope_high_per_year","slope_per_decade","slope_low_per_decade","slope_high_per_decade","p_value","pearson_r"
"Air Temperature [K]","Pre-Monsoon","Annapurna I","Weather Stability",71,-0.000107725996688351,-0.000319078315873467,0.000103626322496765,-0.00107725996688351,-0.00319078315873467,0.00103626322496765,0.312790790589259,-0.12150391928407
"Air Temperature [K]","Pre-Monsoon","Cho Oyu","Weather Stability",71,-9.70940460366342e-05,-0.000280780122426903,8.65920303536349e-05,-0.000970940460366342,-0.00280780122426903,0.000865920303536349,0.295331698530338,-0.125936401701711
"Air Temperature [K]","Pre-Monsoon","Dhaulagiri I","Weather Stability",71,-7.19068262837186e-06,-0.000196936324371201,0.000182554959114458,-7.19068262837186e-05,-0.00196936324371201,0.00182554959114458,0.939955064099259,-0.00910095143559069
"Air Temperature [K]","Pre-Monsoon","Everest","Weather Stability",71,-0.000107025164309693,-0.000279235941040128,6.51856124207419e-05,-0.00107025164309693,-0.00279235941040128,0.000651856124207419,0.219244166407324,-0.147620840614442
"Air Temperature [K]","Pre-Monsoon","Kangchenjunga Central","Weather Stability",71,-0.000263576895571166,-0.000472440194360228,-5.47135967821045e-05,-0.00263576895571166,-0.00472440194360228,-0.000547135967821045,0.0141435393030836,-0.290047529369208
"Air Temperature [K]","Pre-Monsoon","Lhotse","Weather Stability",71,-0.000107025164309693,-0.000279235941040128,6.51856124207419e-05,-0.00107025164309693,-0.00279235941040128,0.000651856124207419,0.219244166407324,-0.147620840614442
"Air Temperature [K]","Pre-Monsoon","Makalu","Weather Stability",71,-5.61663659101314e-05,-0.000218520716094032,0.000106187984273769,-0.000561663659101314,-0.00218520716094032,0.00106187984273769,0.492414836765059,-0.0827989920760075
"Air Temperature [K]","Pre-Monsoon","Manaslu","Weather Stability",71,-0.0001039889475481,-0.000282669477662294,7.46915825660929e-05,-0.001039889475481,-0.00282669477662294,0.000746915825660929,0.249633337188425,-0.138425202182204
"Air Temperature [K]","Pre-Monsoon","Overall","Weather Stability",568,-0.000106224157875268,-0.000291112129108548,7.86638133580124e-05,-0.00106224157875268,-0.00291112129108548,0.000786638133580124,0.342844699911259,-0.132881834659709
"Air Temperature [K]","Pre-Monsoon","Annapurna I","Mean Conditions",71,0.0218683797578346,0.0108413102685359,0.0328954492471333,0.218683797578346,0.108413102685359,0.328954492471333,0.000182174182617363,0.429999966518628
"Air Temperature [K]","Pre-Monsoon","Cho Oyu","Mean Conditions",71,0.00992132888766759,-0.00134994320821119,0.0211926009835464,0.0992132888766759,-0.0134994320821119,0.211926009835464,0.0835235489533777,0.206828195174049
"Air Temperature [K]","Pre-Monsoon","Dhaulagiri I","Mean Conditions",71,0.0157263754368461,0.00450827048649023,0.0269444803872021,0.157263754368461,0.0450827048649023,0.269444803872021,0.00668424504002682,0.319079763859182
"Air Temperature [K]","Pre-Monsoon","Everest","Mean Conditions",71,0.00454940639423194,-0.00793960491732576,0.0170384177057896,0.0454940639423194,-0.0793960491732576,0.170384177057896,0.469865415774538,0.087152031344578
"Air Temperature [K]","Pre-Monsoon","Kangchenjunga Central","Mean Conditions",71,-0.000683404257529782,-0.00926703624108073,0.00790022772602116,-0.00683404257529782,-0.0926703624108073,0.0790022772602116,0.874265326511151,-0.0191176138154592
"Air Temperature [K]","Pre-Monsoon","Lhotse","Mean Conditions",71,0.00454940639423194,-0.00793960491732576,0.0170384177057896,0.0454940639423194,-0.0793960491732576,0.170384177057896,0.469865415774538,0.087152031344578
"Air Temperature [K]","Pre-Monsoon","Makalu","Mean Conditions",71,0.00770338988938852,-0.00249368788776256,0.0179004676665396,0.0770338988938852,-0.0249368788776256,0.179004676665396,0.136354334660028,0.178517101620789
"Air Temperature [K]","Pre-Monsoon","Manaslu","Mean Conditions",71,0.00847814758617539,-0.00121981409548894,0.0181761092678397,0.0847814758617539,-0.0121981409548894,0.181761092678397,0.0856089959365217,0.205475398254716
"Air Temperature [K]","Pre-Monsoon","Overall","Mean Conditions",568,0.00901412876110579,-0.0018575138140211,0.0198857713362327,0.0901412876110579,-0.018575138140211,0.198857713362327,0.2657936821041,0.186885859287633
"Air Temperature [K]","Post-Monsoon","Annapurna I","Weather Stability",71,-9.93075405291067e-05,-0.000233570150077238,3.49550690190246e-05,-0.000993075405291067,-0.00233570150077238,0.000349550690190246,0.144609796363166,-0.174899043539096
"Air Temperature [K]","Post-Monsoon","Cho Oyu","Weather Stability",71,-5.2242602421888e-05,-0.000181564104942946,7.70789000991696e-05,-0.000522426024218879,-0.00181564104942946,0.000770789000991696,0.423065099775271,-0.0965664172201651
"Air Temperature [K]","Post-Monsoon","Dhaulagiri I","Weather Stability",71,-6.08227288911552e-05,-0.00017599001304325,5.43445552609394e-05,-0.000608227288911552,-0.0017599001304325,0.000543445552609394,0.295750445330769,-0.125828120548
"Air Temperature [K]","Post-Monsoon","Everest","Weather Stability",71,-3.57633148996483e-05,-0.000154659673801659,8.31330440023628e-05,-0.000357633148996483,-0.00154659673801659,0.000831330440023627,0.550426850658551,-0.0720518991561828
"Air Temperature [K]","Post-Monsoon","Kangchenjunga Central","Weather Stability",71,-8.90060917539406e-05,-0.000217137417292472,3.91252337845907e-05,-0.000890060917539406,-0.00217137417292472,0.000391252337845907,0.170275779144975,-0.164554533988272
"Air Temperature [K]","Post-Monsoon","Lhotse","Weather Stability",71,-3.57633148996483e-05,-0.000154659673801659,8.31330440023628e-05,-0.000357633148996483,-0.00154659673801659,0.000831330440023627,0.550426850658551,-0.0720518991561828
"Air Temperature [K]","Post-Monsoon","Makalu","Weather Stability",71,-2.65276315223021e-05,-9.37470697373631e-05,4.0691806692759e-05,-0.000265276315223021,-0.000937470697373631,0.00040691806692759,0.433808273731095,-0.0943557021516018
"Air Temperature [K]","Post-Monsoon","Manaslu","Weather Stability",71,-7.37181581015334e-05,-0.000168705768642896,2.12694524398295e-05,-0.000737181581015334,-0.00168705768642896,0.000212694524398295,0.126139023629153,-0.183230765684846
"Air Temperature [K]","Post-Monsoon","Overall","Weather Stability",568,-5.91439228774028e-05,-0.000172504233917435,5.42163881626298e-05,-0.000591439228774028,-0.00172504233917435,0.000542163881626298,0.336812764911441,-0.122942297680543
"Air Temperature [K]","Post-Monsoon","Annapurna I","Mean Conditions",71,0.0194455998056621,0.00880832655927558,0.0300828730520486,0.194455998056621,0.0880832655927558,0.300828730520486,0.000510874358849129,0.401996931348643
"Air Temperature [K]","Post-Monsoon","Cho Oyu","Mean Conditions",71,0.0119045164015067,0.000148481782398251,0.0236605510206152,0.119045164015067,0.00148481782398251,0.236605510206152,0.0472529469948896,0.236308723876605
"Air Temperature [K]","Post-Monsoon","Dhaulagiri I","Mean Conditions",71,0.0138491519210997,0.00196303337108379,0.0257352704711157,0.138491519210997,0.0196303337108379,0.257352704711157,0.0230531432747724,0.269475420571069
"Air Temperature [K]","Post-Monsoon","Everest","Mean Conditions",71,0.00734084669499014,-0.00495385228894858,0.0196355456789288,0.0734084669499014,-0.0495385228894858,0.196355456789288,0.237683780818106,0.141943329473985
"Air Temperature [K]","Post-Monsoon","Kangchenjunga Central","Mean Conditions",71,0.00351632379183146,-0.00530364510312726,0.0123362926867902,0.0351632379183146,-0.0530364510312726,0.123362926867902,0.429143269677652,0.0953117895877311
"Air Temperature [K]","Post-Monsoon","Lhotse","Mean Conditions",71,0.00734084669499014,-0.00495385228894858,0.0196355456789288,0.0734084669499014,-0.0495385228894858,0.196355456789288,0.237683780818106,0.141943329473985
"Air Temperature [K]","Post-Monsoon","Makalu","Mean Conditions",71,0.0106238548264158,-0.00104866314834773,0.0222963728011794,0.106238548264158,-0.0104866314834773,0.222963728011794,0.0737584012099358,0.213544775817174
"Air Temperature [K]","Post-Monsoon","Manaslu","Mean Conditions",71,0.0133972336360013,0.00175178090192277,0.0250426863700799,0.133972336360013,0.0175178090192277,0.250426863700799,0.0247768549471628,0.266312318447422
"Air Temperature [K]","Post-Monsoon","Overall","Mean Conditions",568,0.0109272967215622,-0.00044854877683647,0.0223031422199608,0.109272967215622,-0.0044854877683647,0.223031422199608,0.134232881512434,0.220854577324577
"Snow Cover [%]","Pre-Monsoon","Annapurna I","Weather Stability",70,-0.000265043513514978,-0.000745350467016388,0.000215263439986432,-0.00265043513514978,-0.00745350467016388,0.00215263439986432,0.274717456299896,-0.132358234656395
"Snow Cover [%]","Pre-Monsoon","Cho Oyu","Weather Stability",0,NA,NA,NA,NA,NA,NA,NA,NA
"Snow Cover [%]","Pre-Monsoon","Dhaulagiri I","Weather Stability",70,-0.000539937391439365,-0.000983449757331248,-9.64250255474814e-05,-0.00539937391439365,-0.00983449757331248,-0.000964250255474814,0.0177749546398322,-0.282589421156254
"Snow Cover [%]","Pre-Monsoon","Everest","Weather Stability",68,-0.000520917437378574,-0.001428177171949,0.00038634229719185,-0.00520917437378574,-0.01428177171949,0.0038634229719185,0.25578592757875,-0.139722851291324
"Snow Cover [%]","Pre-Monsoon","Kangchenjunga Central","Weather Stability",0,NA,NA,NA,NA,NA,NA,NA,NA
"Snow Cover [%]","Pre-Monsoon","Lhotse","Weather Stability",68,-0.000520917437378574,-0.001428177171949,0.00038634229719185,-0.00520917437378574,-0.01428177171949,0.0038634229719185,0.25578592757875,-0.139722851291324
"Snow Cover [%]","Pre-Monsoon","Makalu","Weather Stability",0,NA,NA,NA,NA,NA,NA,NA,NA
"Snow Cover [%]","Pre-Monsoon","Manaslu","Weather Stability",43,-0.00161778775151028,-0.00396310373936524,0.00072752823634468,-0.0161778775151028,-0.0396310373936524,0.0072752823634468,0.17110636626518,-0.21258791588711
"Snow Cover [%]","Pre-Monsoon","Overall","Weather Stability",319,-0.000692920706244354,-0.00170965166152217,0.000323810249033466,-0.00692920706244354,-0.0170965166152217,0.00323810249033466,0.195034126472482,-0.181396254856481
"Snow Cover [%]","Pre-Monsoon","Annapurna I","Mean Conditions",71,-0.146758060297552,-0.249016139782148,-0.0444999808129554,-1.46758060297552,-2.49016139782148,-0.444999808129554,0.00555153530022173,-0.325862436042812
"Snow Cover [%]","Pre-Monsoon","Cho Oyu","Mean Conditions",71,NA,NA,NA,NA,NA,NA,NA,NA
"Snow Cover [%]","Pre-Monsoon","Dhaulagiri I","Mean Conditions",71,-0.0952875411661459,-0.156471784272168,-0.0341032980601235,-0.952875411661459,-1.56471784272168,-0.341032980601235,0.00274425584829655,-0.350324364085231
"Snow Cover [%]","Pre-Monsoon","Everest","Mean Conditions",71,-0.0263936286814822,-0.0908366617458172,0.0380494043828529,-0.263936286814822,-0.908366617458172,0.380494043828529,0.416706171889875,-0.0978900974256784
"Snow Cover [%]","Pre-Monsoon","Kangchenjunga Central","Mean Conditions",71,NA,NA,NA,NA,NA,NA,NA,NA
"Snow Cover [%]","Pre-Monsoon","Lhotse","Mean Conditions",71,-0.0263936286814822,-0.0908366617458172,0.0380494043828529,-0.263936286814822,-0.908366617458172,0.380494043828529,0.416706171889875,-0.0978900974256784
"Snow Cover [%]","Pre-Monsoon","Makalu","Mean Conditions",71,NA,NA,NA,NA,NA,NA,NA,NA
"Snow Cover [%]","Pre-Monsoon","Manaslu","Mean Conditions",71,-0.066223029050995,-0.124988362600897,-0.00745769550109348,-0.66223029050995,-1.24988362600897,-0.0745769550109348,0.0277666891679244,-0.261242907205039
"Snow Cover [%]","Pre-Monsoon","Overall","Mean Conditions",568,-0.0722111775755314,-0.142429922029369,-0.00199243312169331,-0.722111775755314,-1.4242992202937,-0.0199243312169331,0.173894964819238,-0.226641980436888
"Snow Cover [%]","Post-Monsoon","Annapurna I","Weather Stability",71,0.000254242745563007,-0.000958000848415548,0.00146648633954156,0.00254242745563007,-0.00958000848415548,0.0146648633954156,0.676955489035334,0.0503054370561063
"Snow Cover [%]","Post-Monsoon","Cho Oyu","Weather Stability",0,NA,NA,NA,NA,NA,NA,NA,NA
"Snow Cover [%]","Post-Monsoon","Dhaulagiri I","Weather Stability",71,-0.000838684198136794,-0.0017324628904283,5.50944941547113e-05,-0.00838684198136794,-0.017324628904283,0.000550944941547113,0.0654490482510433,-0.219845537604857
"Snow Cover [%]","Post-Monsoon","Everest","Weather Stability",71,-0.000209128032303548,-0.000818719262487345,0.00040046319788025,-0.00209128032303548,-0.00818719262487345,0.0040046319788025,0.496020394246268,-0.0821128140658695
"Snow Cover [%]","Post-Monsoon","Kangchenjunga Central","Weather Stability",0,NA,NA,NA,NA,NA,NA,NA,NA
"Snow Cover [%]","Post-Monsoon","Lhotse","Weather Stability",71,-0.000209128032303548,-0.000818719262487345,0.00040046319788025,-0.00209128032303548,-0.00818719262487345,0.0040046319788025,0.496020394246268,-0.0821128140658695
"Snow Cover [%]","Post-Monsoon","Makalu","Weather Stability",54,-7.04064236296952e-05,-0.000398276017253264,0.000257463169993873,-0.000704064236296952,-0.00398276017253264,0.00257463169993873,0.668318057806954,-0.059649445147157
"Snow Cover [%]","Post-Monsoon","Manaslu","Weather Stability",71,-4.473716644031e-05,-0.000995275325565242,0.000905800992684622,-0.0004473716644031,-0.00995275325565242,0.00905800992684622,0.925466832757627,-0.0113025814913437
"Snow Cover [%]","Post-Monsoon","Overall","Weather Stability",409,-0.000186306851208481,-0.000953575601106174,0.000580961898689212,-0.00186306851208481,-0.00953575601106174,0.00580961898689211,0.554705036057249,-0.0674529592198318
"Snow Cover [%]","Post-Monsoon","Annapurna I","Mean Conditions",71,-0.0122461682560069,-0.0435145338822157,0.019022197370202,-0.122461682560069,-0.435145338822157,0.19022197370202,0.437289986174883,-0.0936459130166214
"Snow Cover [%]","Post-Monsoon","Cho Oyu","Mean Conditions",71,NA,NA,NA,NA,NA,NA,NA,NA
"Snow Cover [%]","Post-Monsoon","Dhaulagiri I","Mean Conditions",71,-0.0154041914749719,-0.039079665542777,0.00827128259283327,-0.154041914749719,-0.39079665542777,0.0827128259283327,0.198613063618879,-0.15438613494836
"Snow Cover [%]","Post-Monsoon","Everest","Mean Conditions",71,-0.00372179755118032,-0.0517754414949449,0.0443318463925843,-0.0372179755118032,-0.517754414949449,0.443318463925843,0.877658451899118,-0.0185976372866506
"Snow Cover [%]","Post-Monsoon","Kangchenjunga Central","Mean Conditions",71,NA,NA,NA,NA,NA,NA,NA,NA
"Snow Cover [%]","Post-Monsoon","Lhotse","Mean Conditions",71,-0.00372179755118032,-0.0517754414949449,0.0443318463925843,-0.0372179755118032,-0.517754414949449,0.443318463925843,0.877658451899118,-0.0185976372866506
"Snow Cover [%]","Post-Monsoon","Makalu","Mean Conditions",71,-0.148696947794683,-0.198800466325531,-0.0985934292638346,-1.48696947794683,-1.98800466325531,-0.985934292638346,1.12419293255293e-07,-0.580412537552083
"Snow Cover [%]","Post-Monsoon","Manaslu","Mean Conditions",71,-0.0449682732227376,-0.108260082459115,0.01832353601364,-0.449682732227376,-1.08260082459115,0.1832353601364,0.16086850162145,-0.168202724675677
"Snow Cover [%]","Post-Monsoon","Overall","Mean Conditions",568,-0.0381265293084599,-0.0822009385332547,0.00594787991633486,-0.381265293084599,-0.822009385332547,0.0594787991633486,0.425348094605457,-0.172307097461007
"Windspeed [m/s]","Pre-Monsoon","Annapurna I","Weather Stability",71,0.000213597732584086,-0.00120414759962914,0.00163134306479731,0.00213597732584086,-0.0120414759962914,0.0163134306479731,0.76465470954331,0.0361593635902407
"Windspeed [m/s]","Pre-Monsoon","Cho Oyu","Weather Stability",71,-0.000366934712558887,-0.00143304619831298,0.000699176773195207,-0.00366934712558887,-0.0143304619831298,0.00699176773195207,0.494622565686888,-0.0823785258443427
"Windspeed [m/s]","Pre-Monsoon","Dhaulagiri I","Weather Stability",71,0.00121236799753703,-0.0001636125046298,0.00258834849970386,0.0121236799753703,-0.001636125046298,0.0258834849970386,0.083227885850131,0.207022145173877
"Windspeed [m/s]","Pre-Monsoon","Everest","Weather Stability",71,0.00050921206311437,-0.000601364641474321,0.00161978876770306,0.0050921206311437,-0.00601364641474321,0.0161978876770306,0.363531944365287,0.109455939058378
"Windspeed [m/s]","Pre-Monsoon","Kangchenjunga Central","Weather Stability",71,0.0011554960158224,8.49301583504965e-05,0.0022260618732943,0.011554960158224,0.000849301583504965,0.022260618732943,0.034799906383404,0.25092277494421
"Windspeed [m/s]","Pre-Monsoon","Lhotse","Weather Stability",71,0.00050921206311437,-0.000601364641474321,0.00161978876770306,0.0050921206311437,-0.00601364641474321,0.0161978876770306,0.363531944365287,0.109455939058378
"Windspeed [m/s]","Pre-Monsoon","Makalu","Weather Stability",71,-2.98958505720593e-05,-0.00106537615492805,0.00100558445378393,-0.000298958505720593,-0.0106537615492805,0.0100558445378393,0.954236089260185,-0.00693370089819629
"Windspeed [m/s]","Pre-Monsoon","Manaslu","Weather Stability",71,-5.28586060929723e-05,-0.00131555253647223,0.00120983532428628,-0.000528586060929723,-0.0131555253647223,0.0120983532428628,0.933686287105704,-0.0100531494327725
"Windspeed [m/s]","Pre-Monsoon","Overall","Weather Stability",568,0.000393774587868542,-0.000787441764821293,0.00157499094055838,0.00393774587868542,-0.00787441764821293,0.0157499094055838,0.499036416570025,0.0767063482062217
"Windspeed [m/s]","Pre-Monsoon","Annapurna I","Mean Conditions",71,8.66797482025611e-05,-0.000214187650201277,0.0003875471466064,0.000866797482025611,-0.00214187650201278,0.003875471466064,0.567334551792482,0.0690258711082922
"Windspeed [m/s]","Pre-Monsoon","Cho Oyu","Mean Conditions",71,0.00106990774798417,-0.000533493043959064,0.0026733085399274,0.0106990774798417,-0.00533493043959064,0.026733085399274,0.187513030845313,0.158235686850881
"Windspeed [m/s]","Pre-Monsoon","Dhaulagiri I","Mean Conditions",71,0.000386597254991582,-6.36413708057631e-05,0.000836835880788928,0.00386597254991582,-0.000636413708057631,0.00836835880788928,0.0912104201355605,0.201966451540962
"Windspeed [m/s]","Pre-Monsoon","Everest","Mean Conditions",71,0.00068714708100965,-0.000327508649918737,0.00170180281193804,0.0068714708100965,-0.00327508649918737,0.0170180281193804,0.181102423206993,0.160534334113242
"Windspeed [m/s]","Pre-Monsoon","Kangchenjunga Central","Mean Conditions",71,0.00142741436966512,0.000798022363284998,0.00205680637604525,0.0142741436966512,0.00798022363284998,0.0205680637604525,2.45455857921484e-05,0.478322627041848
"Windspeed [m/s]","Pre-Monsoon","Lhotse","Mean Conditions",71,0.00068714708100965,-0.000327508649918737,0.00170180281193804,0.0068714708100965,-0.00327508649918737,0.0170180281193804,0.181102423206993,0.160534334113242
"Windspeed [m/s]","Pre-Monsoon","Makalu","Mean Conditions",71,0.000654264437715048,0.000260038057622769,0.00104849081780733,0.00654264437715048,0.00260038057622769,0.0104849081780733,0.00148197904789927,0.370252229736259
"Windspeed [m/s]","Pre-Monsoon","Manaslu","Mean Conditions",71,-3.24463078103259e-05,-0.000318720991615164,0.000253828375994512,-0.000324463078103259,-0.00318720991615164,0.00253828375994512,0.821786908774222,-0.0272099648396698
"Windspeed [m/s]","Pre-Monsoon","Overall","Mean Conditions",568,0.000620838926595933,-9.0874991938872e-05,0.00133255284513074,0.00620838926595933,-0.000908749919388719,0.0133255284513074,0.253944535324407,0.196457696208132
"Windspeed [m/s]","Post-Monsoon","Annapurna I","Weather Stability",71,-3.77493823933046e-05,-0.00134470037239181,0.0012692016076052,-0.000377493823933046,-0.0134470037239181,0.012692016076052,0.954216983514631,-0.00693659872631333
"Windspeed [m/s]","Post-Monsoon","Cho Oyu","Weather Stability",71,-0.000585427618249656,-0.00167841126942016,0.000507556032920845,-0.00585427618249656,-0.0167841126942016,0.00507556032920845,0.289001328407875,-0.127585751957556
"Windspeed [m/s]","Post-Monsoon","Dhaulagiri I","Weather Stability",71,0.000560946176148027,-0.000398650651953353,0.00152054300424941,0.00560946176148027,-0.00398650651953353,0.0152054300424941,0.247559112447451,0.13902746590965
"Windspeed [m/s]","Post-Monsoon","Everest","Weather Stability",71,-0.000365084916925919,-0.00159838467717073,0.000868214843318895,-0.00365084916925919,-0.0159838467717073,0.00868214843318895,0.556751712065243,-0.07091481048604
"Windspeed [m/s]","Post-Monsoon","Kangchenjunga Central","Weather Stability",71,-0.000788258321839199,-0.00211176168930481,0.000535245045626411,-0.00788258321839199,-0.0211176168930481,0.00535245045626411,0.238844446280139,-0.141596347027604
"Windspeed [m/s]","Post-Monsoon","Lhotse","Weather Stability",71,-0.000365084916925919,-0.00159838467717073,0.000868214843318895,-0.00365084916925919,-0.0159838467717073,0.00868214843318895,0.556751712065243,-0.07091481048604
"Windspeed [m/s]","Post-Monsoon","Makalu","Weather Stability",71,0.00134897863276246,0.000212631560183999,0.00248532570534092,0.0134897863276246,0.00212631560183999,0.0248532570534092,0.0206798665994643,0.274176864928717
"Windspeed [m/s]","Post-Monsoon","Manaslu","Weather Stability",71,-0.000215622590133554,-0.00171193737603399,0.00128069219576688,-0.00215622590133554,-0.0171193737603399,0.0128069219576688,0.77460914342817,-0.0345873936600806
"Windspeed [m/s]","Post-Monsoon","Overall","Weather Stability",568,-5.59128671946333e-05,-0.0012786998941577,0.00116687415976843,-0.000559128671946333,-0.012786998941577,0.0116687415976843,0.454801788101027,-0.00491642268815844
"Windspeed [m/s]","Post-Monsoon","Annapurna I","Mean Conditions",71,0.000172134539917896,-0.000152716514548092,0.000496985594383885,0.00172134539917896,-0.00152716514548092,0.00496985594383885,0.294154416456646,0.126241367808663
"Windspeed [m/s]","Post-Monsoon","Cho Oyu","Mean Conditions",71,0.000798470901521159,-0.00061978703055757,0.00221672883359989,0.0079847090152116,-0.0061978703055757,0.0221672883359989,0.265269675475644,0.133991218990825
"Windspeed [m/s]","Post-Monsoon","Dhaulagiri I","Mean Conditions",71,0.000529206560396471,0.000105904745642496,0.000952508375150446,0.00529206560396471,0.00105904745642496,0.00952508375150446,0.0150292828907504,0.287566663906433
"Windspeed [m/s]","Post-Monsoon","Everest","Mean Conditions",71,0.000345172160068091,-0.000350260262087457,0.00104060458222364,0.00345172160068091,-0.00350260262087457,0.0104060458222364,0.325548387924415,0.118365051166171
"Windspeed [m/s]","Post-Monsoon","Kangchenjunga Central","Mean Conditions",71,0.00190427741318113,0.00132401811260113,0.00248453671376114,0.0190427741318113,0.0132401811260113,0.0248453671376114,8.72080087081395e-09,0.619008652054985
"Windspeed [m/s]","Post-Monsoon","Lhotse","Mean Conditions",71,0.000345172160068091,-0.000350260262087457,0.00104060458222364,0.00345172160068091,-0.00350260262087457,0.0104060458222364,0.325548387924415,0.118365051166171
"Windspeed [m/s]","Post-Monsoon","Makalu","Mean Conditions",71,0.000250387436714316,-0.000184697180768744,0.000685472054197377,0.00250387436714316,-0.00184697180768744,0.00685472054197377,0.254902894235042,0.136910368792074
"Windspeed [m/s]","Post-Monsoon","Manaslu","Mean Conditions",71,-3.09308938912759e-05,-0.000358517727643095,0.000296655939860543,-0.000309308938912759,-0.00358517727643095,0.00296655939860543,0.851144505583173,-0.0226704882102513
"Windspeed [m/s]","Post-Monsoon","Overall","Mean Conditions",568,0.000539236284746986,-7.32895149310987e-05,0.00115176208442507,0.00539236284746986,-0.000732895149310988,0.0115176208442507,0.291449694901361,0.189722235709384
