"peak_label","season_label","n","median_alt"
"Annapurna I","Pre-Monsoon",11,6300
"Annapurna I","Post-Monsoon",24,5750
"Cho Oyu","Pre-Monsoon",1,6550
"Cho Oyu","Post-Monsoon",8,6650
"Dhaulagiri I","Pre-Monsoon",17,5335
"Dhaulagiri I","Post-Monsoon",20,6200
"Everest","Pre-Monsoon",41,5800
"Everest","Post-Monsoon",29,6800
"Kangchenjunga Central","Post-Monsoon",5,6700
"Lhotse","Pre-Monsoon",3,5800
"Lhotse","Post-Monsoon",2,6350
"Makalu","Post-Monsoon",2,5675
"Manaslu","Pre-Monsoon",23,6500
"Manaslu","Post-Monsoon",15,6800
